,Eligible Credit Cards,Credit Card Image,Grocery Benefits
1,RBL Bank Platinum LifeEasy MasterCard Credit Card,wix:image://v1/45c85e_821be5e1bebc43a5b97d524ac330f000~mv2.png/Screenshot%202025-03-19%20111104.png#originWidth=708&originHeight=469,Users will get 5% cashback on Grocery spends of up to INR 200 per month.
2,Samsung Axis Bank Infinite Credit Card,wix:image://v1/2a565f_1d141940d71f4e18bf61a45f7a4249db~mv2.jpg/sam.jpg#originWidth=282&originHeight=179,Cashback rate on BigBasket: 3%
3,Tata Star Titanium Card,wix:image://v1/2a565f_ece1d1a8eece4e1da5886db960ad6b8b~mv2.webp/tata-star-titanium-card.webp#originWidth=349&originHeight=218,Cashback rate on departmentals stores and grocery: 3%
4,IndianOil CITI Credit Card,wix:image://v1/2a565f_31d4d25e34844097a67039561e61139e~mv2.webp/IndianOil-Citi-Credit-Card.webp#originWidth=500&originHeight=317,Cashback rate on departmentals stores and grocery: 1.33%
5,Axis Bank Neo Credit Card,wix:image://v1/2a565f_e896fdbc79064918b8720d3e3d61b636~mv2.webp/axis-bank-neo-credit-card.webp#originWidth=250&originHeight=157,10% off on Blinkit
6,Federal Bank Visa Imperio,wix:image://v1/f836e8_d68be779084a4bf8b353665947a8b04c~mv2.webp/22463805.webp#originWidth=448&originHeight=256,Cashback rate on departmentals stores and grocery: 0.5%
7,Indian Coast Guard Rakshamah,https://www.bobcard.co.in/_next/image?url=https%3A%2F%2Fmedia.bobcard.co.in%2F%2Fmedia%2Fgcdhsw3c%2Frakshmah-card.png&w=640&q=75,Cashback rate on departmentals stores and grocery: 2.5%
8,RBL Bank Platinum LifeEasy Visa Credit Card,wix:image://v1/45c85e_821be5e1bebc43a5b97d524ac330f000~mv2.png/Screenshot%202025-03-19%20111104.png#originWidth=708&originHeight=469,Users will get 5% cashback on Grocery spends of up to INR 200 per month.
9,DBS Spark 20 Mastercard Credit Card ,https://static.bankbazaar.com/images/india/infographic/dbs-bank-spark-credit-card.webp,"4% Cashback on grocery on spending INR 20,000 or more on groceries. "
10,HDFC Bharat Credit Card,wix:image://v1/2a565f_7700d627b786422e807edc8fee3eee1a~mv2.webp/_thumb_216654.webp#originWidth=264&originHeight=167,5% monthly cashback on spends on groceries.
11,Platinum Edge Super Card,wix:image://v1/2a565f_baea33a611ea4775b6a0181aefe30ffd~mv2.webp/RBL-Bank-Platinum-Choice-Supercard.webp#originWidth=271&originHeight=170,"Users can avail EMI Finance: Shop for durables, electronics, furniture, clothes & accessories, groceries and much more."
12,HDFC UPI RuPay Credit Card ,wix:image://v1/2a565f_f97e2e93bd3145e1bf183219d1614849~mv2.png/image.png#originWidth=264&originHeight=168,Cashback rate on departmentals stores and grocery: 3%
13,HDFC Pixel Play Credit Card,wix:image://v1/f836e8_b2ce0712ecac4bfdbf175406074af437~mv2.jpg/HDFC%20Pixed%20Play%20Credit%20Card.jpg#originWidth=190&originHeight=121,Cashback rate on Blinkit and Reliance Smart Bazaar: 5%. Creditcard holder has to manually ensure that they have activate this offer for their card. 
14,Platinum Credit Card,wix:image://v1/2a565f_a1b5145338f14e3da50aa9a1ff3f2ab5~mv2.webp/platinumcc.webp#originWidth=325&originHeight=211,Cashback rate on departmentals stores and grocery: 1.25%
15,Yes Bank Finbooster Credit Card,wix:image://v1/f836e8_b33aa9fe864f454499704a4941c0c4a4~mv2.png/YES%20bank%20finbooster%20card.png#originWidth=190&originHeight=121,Cashback rate on departmentals stores and grocery: 0.75%
16,IRCTC BoB,wix:image://v1/2a565f_4bc7cf0eb58c45a5893edc548931e878~mv2.webp/IRCTC-BoB-Credit-Card.webp#originWidth=500&originHeight=317,Cashback rate on departmentals stores and grocery: 1%
17,SNAPDEAL,wix:image://v1/2a565f_f4f00bd55e2f46c2b45f73e86cb4c6b9~mv2.webp/SNAPDEAL-Bank-of-Baroda-Credit-Card-Image-300x190.webp#originWidth=300&originHeight=190,Cashback rate on departmentals stores and grocery: 1%
18,Bandhan Bank Xclusive Credit Card,wix:image://v1/2a565f_1ae75717c84b4c4c979d6716fdde8b10~mv2.webp/bandhan-bank-.webp#originWidth=200&originHeight=126,Cashback rate on departmentals stores and grocery: 1%
19,Shaurya Select SBI Card,wix:image://v1/f836e8_43bd54bd72f24f6a87fd5d3dd9b9192d~mv2.webp/SBI%20Card%20Shaurya%20Select.webp#originWidth=190&originHeight=121,Cashback rate on departmentals stores and grocery: 2.5%
20,UCO Bank SimplySAVE SBI Card,wix:image://v1/f836e8_897f65d6f3e740d4ab35f97350789d47~mv2.webp/UCO%20Bank%20SBI%20SImplysave%20Card%20Prime.webp#originWidth=190&originHeight=121,Cashback rate on departmentals stores and grocery: 1.6%
21,Karnataka Bank SimplySAVE SBI Card,wix:image://v1/2a565f_f5d8ca747f804087a7d35ee16ba4af7e~mv2.webp/karnataka-bank-simplysave.webp#originWidth=349&originHeight=218,Cashback rate on departmentals stores and grocery: 1.6%
22,IndusInd Platinum Aura Edge Credit Card,wix:image://v1/f836e8_a50ba7e80cec472da60634b49559f8be~mv2.webp/IndusInd%20Bank%20Aura%20Edge%20(1).webp#originWidth=190&originHeight=121,Cashback rate on departmentals stores and grocery: 2%
23,PSB SBI Card Elite,wix:image://v1/f836e8_1479670962f641409cf8df1a6d0145f8~mv2.webp/PSB%20SBI%20Card%20Elite%20(1).webp#originWidth=190&originHeight=121,Cashback rate on departmentals stores and grocery: 1.25%
24,Axis Bank Neo Credit Card,wix:image://v1/f836e8_f7c53728d30f46a580239eeaafb54cdd~mv2.webp/Axis%20Bank%20Neo%20Credit%20Card.webp#originWidth=190&originHeight=121,10% off on Blinkit
25,RBL Bank Platinum ShopSmart Visa Credit Card ,wix:image://v1/45c85e_ed08ed330b334bb8883aeaa27d550e51~mv2.png/Screenshot%202025-03-19%20122841.png#originWidth=646&originHeight=477,Users will get 5% cashback on Grocery spending of up to INR 250 per month.
26,HDFC Bank MoneyBack Plus Visa Credit Card,wix:image://v1/2a565f_ea16c14147d9436b901c8aabdc429744~mv2.webp/Top-Banner-MoneyBack.webp#originWidth=264&originHeight=167,Cashback rate on Blinkit and Reliance Smart Bazaar: 2.5%
27,Karnataka Bank SimplySAVE SBI Card,wix:image://v1/f836e8_efb04e41613148ec961c4ec98a6ffa71~mv2.webp/Karnataka%20Bank%20SBI%20SImplysave%20Card.webp#originWidth=190&originHeight=121,Cashback rate on departmentals stores and grocery: 1.66%
28,RBL Bank VCard,wix:image://v1/2a565f_f1fb8722d3fe4ab9be6451ccfcf38154~mv2.webp/rbl-bank-vcard.webp#originWidth=170&originHeight=107,Cashback rate for grocery shopping done on Wednesday: 5%.
29,Axis Bank Rewards Credit Card,wix:image://v1/f836e8_f117a8c035d64a5b9e903dcee6de5743~mv2.webp/Axis%20Bank%20Rewrads%20Credit%20Card.webp#originWidth=190&originHeight=121,Departmental stores and grocery cashback rate: 3.2% (subject to a cap of 1008 points per month).
30,HSBC Live+ Credit Card,wix:image://v1/2a565f_d9f9ca0862894652b46762b846b2ce4d~mv2.webp/HSBC-Cashback-Credit-Card.webp#originWidth=500&originHeight=317,"Grocery and deparmental cashback rate: 10% (capped at up to INR1,000 per billing cycle)."
31,6E Rewards XL - IndiGo HDFC Bank Credit Card,wix:image://v1/2a565f_41a8e745e6e24f68aadf0155382a9f24~mv2.webp/Indigo-6ERewardsXL.webp#originWidth=264&originHeight=167,Departmental stores and grocery cashback rate: 3%
32,Bandhan Bank One Credit Card,wix:image://v1/2a565f_df79e5abae1c440d9e1cdde21ba0b665~mv2.webp/SC1.webp#originWidth=340&originHeight=216,Departmental stores and grocery cashback rate: 1%
33,SimplySave Advantage SBI Card,wix:image://v1/f836e8_e061ac0a55ca417b8824362700313b9e~mv2.webp/SimplySave%20Advantage%20SBI%20Card%20(1).webp#originWidth=190&originHeight=121,Departmental stores and grocery cashback rate: 1.6%
34,UCO Bank SBI Card Prime,wix:image://v1/f836e8_a1d7f925afb74615be720f4713ff343b~mv2.webp/UCO%20SBI%20Card%20Prime.webp#originWidth=190&originHeight=121,Departmental stores and grocery cashback rate: 2.5%
35,CUB - SBI Simply SAVE Card,wix:image://v1/2a565f_ce77ff24a9f344b4992fd302fbe79de9~mv2.webp/simplysave-card-face.webp#originWidth=349&originHeight=218,Departmental stores and grocery cashback rate: 1.66%
36,HDFC Bank UPI RuPay Biz Credit Card,"data:image/jpeg;base64,/9j/4AAQSkZJRgABAQAAAQABAAD/2wCEAAkGBxAPDxAPDxAPDxAPEA8QDxAPFxAVFRUPFRUWFhUVFxUYHSggGBomHRUXITEhJSkvLi4uFx8zODMtNygtLisBCgoKDg0OFxAQGy0lHyArKy0vLS0tLS0tKy8tLS0tKy0tLS0tLS0tLS0tLS0tLS0tLS0tLS0tKystLS0tLS0tLf/AABEIAKcBCAMBEQACEQEDEQH/xAAcAAACAgMBAQAAAAAAAAAAAAAAAQIFAwQGCAf/xABKEAABAwIDAQkOBQEGBQUAAAABAAIDBBEFEiExBgcTQVFUkbPRFBYXIjI1U2FxcnSBotIIFSNCoZMzYrHB4fAkQ1JVgiU0Y3Oy/8QAGgEAAwEBAQEAAAAAAAAAAAAAAAECAwQFBv/EADIRAAICAQMDAgQEBgMBAAAAAAABAgMRBBIhMUFREzIFFCJxYYGhsSMzQlLh8JHB0RX/2gAMAwEAAhEDEQA/APtdbVxwRPmlcGRxMc+R7tga0XJQB5/3W78lbPI5lARSQAkNdla6V45XFwIb7Bs5StVBdxHMeETGP+4VHS3sT2oA8ImMf9wqOlvYntQB4RMY5/UdLexG1AHhDxjn9R0t7EbUAeEPGOf1HS3sRtQB4Q8Y5/UdLexG1APwh4vz+o6W9iNqAPCHi/P6jpb2J7UMPCHi/P6jpb2I2oB+EPF+f1HS3sRtQB4QsX5/UdLexGxAPwhYvz+o6W9iNiGMb4WL8/qOlvYnsiA/CFi/P6jpb2I2R8AHhBxfn9R0t7EbI+B4Dwg4vz+o6W9ieyPgrAeEHF+f1HS3sT2R8D2ofhBxfn9R0t7EbI+B7EHhAxfn9R0t7EbI+B7EPwgYvz+o6W9iNkfA9iDwgYvz+o6W9iNkfAbELwg4vz+o6W9ieyPgWxC8IOL8/qOlvYj04+BbULwhYvz+o6W9iPTj4J2oPCFi/P6jpb2I9OPgWA8IWL8/qOlvYj04+BYDwhYvz+o6W9iWyPgQeELF+f1HS3sS2R8EgN8LF+f1HS3sS2RGdluI346hkrIcTLZoXEN7oa0NfHfjcGizm8ul+PXYolX4A+6seHAOaQQQCCNQQdhBWIHzrf6rXRYQGNNhPVQxPtxsDXyW6Ywqh1EzzitRGxT0E0ozRwyyNBsSxjnC/JcDbqEwMv5PVc2qP6cnYlkYfk9Vzao/pydieQH+UVXNqj+nJ2IyAfk9Vzao/pydiMgH5PVc2qP6cnYjIB+T1XNqj+nJ2J5Af5RVc2qP6cnYjKAPyeq5tUf05OxGUMxVFFNEAZYpYwTYF7XNBPzCAMCYDCYxoAaBjTKSBBaRIBBWBgIyVgdkDwOyMhgVkBgCE8hgiQmTgiQgloSZLQkiWCCWCRIJCEUhnqLekrHTYLROebuaySK5/wCmOR7G/S0D5Lmn7gOe/EL5qg+Pi6mdEOomeelqI+ub0+Ed10lPG91ou78Q4QNkax5/4alLcoJu7VutgbLlvi5Tis+T1/h98aaLpbcy+nGVldXnPgvslLiNLUSUbZ4ZaMU8IM8sTGOBcRckkC9gdSeRVq9JKmKe79SvhPxZXX7ZwW1tt/Tl9O2M8HLbldz0lfDLKKoxGKanis9waC2QkE5iR4wtoONe5daq2ljsz5CqpzTefBdP3DjVgrZ+FdJXMiu27D3Mdc7s123HqKy+Z77Vjj9TX5ftu55/Qi/cUA+nj7sqM00Ymef0yBEIjI4NaJM5dsAu0A3OuiPmOG9q4/8AfsL5flLPX/fJR/lTX1tJTw1NUYazgi18zHxvaHuIOhNn2ttaSCtt+ISk0soy2ZnFJvDLqbcSe6qeJlZM6GWOqkllsHGNtOcrv7N7muN8osDcZhcA6LJaj6W3HlY/U1en+pJPjn9CWHbgZpXTsNU9j4K8Upaf3w2a4yNu7bkdny8gKUtVFYeOqyEdM3lZ6PBiq9xroqKStNXM9sYqLxMF3l0c5iafK0Zpdx4r8aa1GZqGPH7ZE6MQcs+f3wcNi0rnYe7M5zrVcFsxJt+lMp1aScfzNtC2935HLrkPQGEwJBIY0ykhgJlpEgEFpEgEikh2QWojTL2hZAbQsgNpebhgz80oRJlLDVQhwfbLq4Wvf1qZdGZ2R+lnf7mcEMPAx1dPwbpcfbwbJmAF8TYZblocPGZct12bFDfjwYSfjwY8Or6Oqr6CDNFWzskxB0s3csVO3gu5n5IiwDxyHNvcjRHKTE00mUG93PHDQYrO+XucsdhzWzthiqHMDnTAgMk0sbC6ufLQTXKLzH9ycNZVvdHC57u7cIjkNMMt6OeDNLO6NotHci5NrA3UqWF/yRkzz11Dh9LSMle005jxFppBTxSmpAnmZGTO7VhHi6+pLDbYjUi3GYdFDSuq4XxOklooHSNknLHmpicQ4Pc1rXFrixxyCw1BJT3vsI4bdthUVDUR0jB+rBTwircHFwdVOGd9uIABzW6chVxeVkRz6Yj0xvL+Y6T3qnr5FzWe4ZT/AIhfNUHx8XUzpQ6iZ56Woju9xO6eKjp4f1xDUQVdXM3OyR7SyaGCMeSD6N/8LnuqlOSlF9D0tDq6qa7K7YtqeOjx0yzo8a3wYKmHgBUQMjeyPhg2CUF0jTmzAhmguBoospsmsNnRo9bo9NZ6ka3nLxz2ZytNikUTCyPEQxjnskLWsqbF7DdjvI2gr2nqq28uJ8qtJYlhM3HbqXlj4zi78kpeZGhtUA4vN3Xs3jubqfWpznZ+xXy92MbjX/OmcMyo/MyJow1rJAypDmtaMoAOTZbRV8zXjbt4/IXytuc7uSVTjrZZ21MmJl87C0slLKnM3LqLeJpZJaitR2qPH5A9La5bnLkzzbqnvJc7F5CSwx3tVXyEgkDxdASBs5AkrqV/R+xT09z/AKiJ3TOJDjizswkbKHZam/CNZkDr5NuXxfYj1qv7f2F8vd/cRbuitsxQ+TKy2SptkldmkbbJqHHUp+vV/b/qD5a7+4p8Xq6fuTgYpxM91RHIcrJGgNayRu1wGt3hZX2qxrC6G+modWc9znVidRIIGSCBgmWkSAQWkTAQaJEkGkYjDUGqiTDEZL2lrhe5yrqjaCCR/rANulTuRE5wh1Zt4vuPqqQ5Z2hri3MADcH5hYT1KhJJnTpaFqa5TrfTt3Oecyx9i6U8nPKGHhmWStmc5rnSyuczyHFziW+w30TwZOCNjA4mPm/UmMAykiQODDc2B8Y+on2pMykjLJRQtMbGzEtkMxfaWKzgy/BA+jJIIu648YHlCeTNm6KOmFi2sfmLoYn2mYLRuy59SNWgG1hpp7QDL8EMrMTp4GR+JK6Rw4MMbnY4MzOlzt0HjWyN1Fgc9+MJrJJb4dBTRTRyGrbaCZ3BtkdFK0RNjJD7Fpbq7JZttLnaRcS84JZTbpHB8onM3DS1A4Wd2Zjv1XAOcfE0bqXDLxZeQhOPgkqUxHpneX8x0nvVPXyLls9wym/EL5qg+Pi6mdKPUTPPS1ECABMYIAEACABMBoAEDGgBpjGEAMIGSCCkMBM0SJgJFpGaGFzyGsaXE7A0ElBskdLQ7gsRlaX8BkAaXASlrHOAF/FYdT0KXNB69a4yWG5ncDJXQSPZMxkzL5YX3FyOU8Sbykn2InrIQs2YO0ZvcU/cjILxMxAWffPmvbaCLbPkoz3MPm57m30L+pgnbhroZ548PlaAGShzALDlsi3Z/SctTe7LWTksTrnYg6CgpquknETLyzSiRpzDblflIIWM4RtTXg9DR3T0Vitfd9Dhsawqz3hrmOcwkO4MhzTbjBCwpudb2TPpLaYauHrU/mjn3sXpJnjSjgxEJmMkRITMmjGQmQyJTM2JBDBIlggR6Y3l/MdL71T10i5LPcBT/iF81QfHxdTOlHqJnnpaiBAAgATAEDBAAmA0ACBjTAEDJIAYQUSCCkZIxcgHQIb4NoJNpMvTh8EbA97i6405F5y1Fs5bYrB9I9BpqKt823lcH0Ghme+giOH5KWSFwZW8AxnCuhP/ADA4glep6SUkn3PjZ253PwXkuH4ZRtZVCse6rsHRyVEpe91/25eT5LJNRn9aJmrLa8QFXvMIixKmaYw8/rR2sM52m3IV0w281P8AI55KUmp9zoMKwmjqZ24pHnEr2gODXWbmG245VzycoZgb53JGtuz3HUdY4VdUZwIIyXthJOZo18mx/hZZwawnJcI5zevwCACqlY6OamkL2tZLH+qI9mp4vktG1tXHULZS34b6GJ+AYVUUtQMOeYZoHOPCSlwBI2t8bS3Fey55QjJZa4O/T66/T2KOeqPk9QwhxB1IJvblXRHGODvlzyazwtEYSRiKDGSIFNGTIFUQyKDNgkSxIJPTO8v5jpPeqevkXLZ7mBT/AIhfNUHx8XUzqY9RM89rQQkwBAAmAIGCABMBoAEDGEANMY0DJBAyQQWibUGqLvDJRLGYX7f2lcGoi65qyP5n0Xw+1aip6ef5HUYNiT6GZkzRmaBlkZxPYRqF7ScbaU14Pira5U6iVcvJlo90Zqakx4Vh1PHPISRJNaR+nGC85WfJeZJykz0VXCEfqfBv49uXxNrWVFbWslkLxamznj00bo0n1BFXE02LfCScYo7/AAunOH4c+VkBEwZndFJJ5TgOXYNOKy1unl9TkgtzwzBHUVuJYZIQ2SgqXC8fECNoF3C9jyrKUcpcmicYWeUcPR7pcVBZhdFFEJ2tOd5DQ6/GdSG/MrWcMJYKWzLlPyaNThMDM0eI13C1D5eEkgoW8JIX8bSQA1pRuWzbgfO/fHjjBvV+5anlphJBTTU0sQOeGcnhHR8TyOX2Lm1CthBTj0PU+F6yqd8qbnnPRnznEKUxusdnEt6LVZHKOrV6eVM8M0Sug8+RByEYsxlUQyKDNgkQxIJPTO8v5jpPeqevkXLb7mBT/iF81QfHxdTOpj1Ezz2tBAgBJgCAOqw/e+xCdjZGMjAcLgPcA63rC43r6U2uWbejLBkk3uq9uhNNfTThWcexHz9X4h6MjBNuErmAktiNhewfqfUNE1rqvxD0ZHNPaQSCCCCQQdoI2hdieVlGYkwGmBKNhcbNBcbE2AJNgLk9AJSGCYyTUDJhBaJNQaozQyFpDhoRsUyipLDOqicoSUo9TpMNrDNE8O8pgJ/8bLp0qjGDgjzPi2+V8bn34Zvb3dfSUfCVtVHLI5rg2ARn93HpcLls/hx3FNO6fpr7l3j9bV43PBJDh74mwk2ncSPF2+M42aOlY0yUpZfY2lBUxxuzknHuZqK+XgqnFo5JgCY6aNxkAy7A61mt/lU0pMzdqhHiJ3lG0VFLLh88jonBhYJGktIA2G9xs5ORdeppUUprozxdBqpOcoS6ps56PcWygayupah9Q+MZXv8AFsRyi2z16lGnnFva+h065zlHK6p5LGOWCmecWjaA2cZKxrQCWvH7h6yh1JboPquUR6057Guj4ZjOMVGIzRy0tHJDFHf/AImosxr2Ha2x2hYVWdYyXDOyyhRxNS+pHFbu6ClM7mQSxSEjMWxuDsj+MLz3GWnnuXtZ9dob1r6PTn749GfPZ4y1xadCF6cJKSyjyrq3CTizC5WcrMZVIzZAoM2CCWJIg9M7y/mOk96p6+RctvuYFP8AiF81QfHxdTOpj1Ezz2rECYCTAEAeh8HkcGMsWjxW2uDye1fJRfLPTaOhyh8EZHExo/gLqj0Mu5zNYxxF9NRfYe1BZ8Ixb/3E/wD90v8A+ivoKf5cfsjhn7mW9Nuaz0rKkSWBa4vaQNLOIFjfXZsXJLXqNzqa+x2z0E/lVqK2n1bT46eGR3Pbne6a+OhfJwZlEga9gDgHhjnMuL6C7RfkC7VPMco8ym6NsN0T6Dg1FT0jIqiCJrCwYNXNJ8Z/BVZNJVQOedXMNi4A8pSfJqfM90lE2nraunZ5MFTURN91kjmj+AtF0KNAJjJhBaJNQaomEG8C0wSQCSxPlNLelY3WTrjugd2n01Ookq7eha0EfBPiYP8AkuMv/kToqrkr9r7I8rW0y0krF3fC+x9JxqCKpmo66qke6iliDJYTI9sYlboXENIsNi0VS+peDzlc0oqK6md+I4YTHHhUbXTRuDgaaJ1i0bQXga9KWnklJp90GqqscFJ9mVu+g3hJaWEXj7qs6Y8bWt8q6vc5wVS8mVVcarZal+Cyg3T4Th1J3IyeSoGUtysGbaLGxtYdKlVT446GspKTbfc4yl3Y1FGxzKZjJDMcwEozBoGw2B29i6L3DClN4Ho9LOybhBZKfFsTr6y5rax7WejacrbclhofmvNerjnFUcs+lp+CbFu1ElFFZFUwQj9IFx5Ss5U3Wv8AiPB31ajSaZfwFl+SsrqkyuzEAexddNSrjhHl6vUO+e5mq5anCzGVRmyBTIYIIYkiD0zvL+Y6T3qnr5Fy2+5gU/4hfNUHx8XUzqY9RM89qxAmAkwBAH3PCa+B8bHCVpa5o1DyOLkuvkpQnGbTR6aaa4Omw7GocgY57PJaL54QL29bl0QyZyRUVtRTtZmMzNG3d+ps010voqSyPJ8GxGQPmle03a6WRzTyguJC+hqTUIp+EcUnlsbcQmDWsEjw1lwxoOgve9vXqdUelDc5Y5YWSdkFXN5iu3YKGvlgk4WGR0cmV7c7TrZ7S12vrDiPmtMCR2uB7uoy6NtZHlYJaR8joRoaeiiPc1O2PiBk1Lr/ALtihx8DOLr6t080s7/Lmkklf7z3Fx/kqxmEJjRkCC0SCRqiaZtBmaF9iCOJTJZWDqrlteUdNFIHMDxt41yaWXpWuD7nX8WpWq00bo9Vwyzpt2ssUHcrYKeaNri4GobnFz/d2L1XUpPLZ8lH6eEQfupxGRuRkvAR8TIGsiaPZlF1jOzT1dWdlGg1eof0Rf3NAulHCSSSOkkc3K1znFxAO3UqdNqlbbiMeDb4l8KlpdOpWTWc9CqmFrDjcbLvs+lYPH02bJfYzvc4OuDYgWHsUzojZHEkbU66entcqnh9DTqGF2riT7VMaYwWIrBpPWW3PM5Nmm8W0XM3lnswjtgkYXIIkY3JowZApkMgmZsEEsSRB6Z3l/MdJ71T18i5bfcwKf8AEL5qg+Pi6mdTHqJnntWIEACYCTAEDBMAQIEDGmAIGNAxhAEgmUTCCkSCRqiYTNIsmwoOmLL3D5wBkdsIXLdROzE4dUdek1tVLlVc/pkbMbo2+S2/rWq0mpu98sI5p/Fvhuk/k17n5ZCsqXWyt0c7QW/xWy+H019eWcf/AN3V6uTSe2K8G1HBZrQdbDj5eNelVWoR4R87rdU7bHl5wV8EXCzOd+1mgWKW+w7E/ltNufVm5JTrqPJUjRqm5QT/ALusb3iJ6Hw+LsuS8clM8rz0fTyZjKZhJmNyaMWQKZDIpkMEiGJBJ6Z3l/MdJ71T18i5bfcwKf8AEL5qg+Pi6mdTHqJnnpWIaABMAQAkxgmAIECBjTAEDGgY0AMJjJtQUiYQaRJBBojNA27gjDfCN4zUVl9iziC76obUkeBqrnOTkzfgYALnYNSt+h5zy2Y8JHDSPkPktNm/LYsoLdLJ322LT0bV1ZYYq/g47Dy5Dlb/AJla2PCwcGipdtq8Iz4fQ5IwLanUpVQwjT4lqFO3YukSckK1wcCkc9jcmuUfttm9q4dS88LsfRfB+G2+5SuK5T2pMiUGLZjcVSM2QKCGJBDBBLEgk9M7y/mOk96p6+RctvuYFP8AiF81QfHxdTOpiB56VkjQAJgCAEmAJgCBggAQA0xjQMaAGExk2oKRMNQaqPcysAP+vKhm0cMz07CDqtql3ObUtpbS0p2rsizx7ULFpyGCNvlP2+xKb7Bpq8ve+iLzCKQRRBvHa7j6+NbQW1Hn6m12zbMETe6KscbIhf5qV9cj0Ny0dGf6n+50BjW+DwNzbyzUrXBjHOOwC6mTwsm9Sc5KKOJLi/hHHafG/hedzJSbPp6Eq5wS6dDTI9Vlgeq+TE5MyZjKZmyKDNiQSwQSJAj0zvL+Y6T3qnr5Fy2+5gU/4hfNUHx8XUzqYgeelQhpiBAAmAkwBAAmAIGCAGmMEANAyQTGSCBmSLbtsma19TYs2+t2/wCapYOjjJtQNVRmZX1ssYdFvGZ5llLbwToIM8hkdsHkq48vLJ1S9Ov00WNbUElkDPLlIB9TOMrWUuyPP09PO+XRFlhFIIg4nynuJd/kFpWsI5Nbc7Z/gixc4LQ4cHLbpK0OPBNPk3L/AG8QXLdPLwux7vw3TOK3y79CmgZYn2D/AAWMFnJ6klhxf4/9mtUQbSXW9R/0XPg9ace7NFwQczMZTM2RSIYIJYIJEkI9M7yx/wDQ6X3qnrpFzWe4ZT/iF81QfHxdTOpiB56VCGgATECYAgBJgCABMYIAaABMYwgYwmBMIKJBUaRNunaSOVvr5VLOqqLf2LCNo/0WKk49TvnXGa4NpjbhdVUs8nB8viWWbkDg0eoLaMzyb6nOWRYXd0zpjyZWrWL5yYaqCrrVaL6OZbqR406zDiVeIoyf3HRo9aU7NqNNLo3bZjsupyli466k6n2rlbxFs+nhX9aiuyNl1M4WNjYi4KzhaksnbHQ2SUeCtraVzT4wN9vyWSZtbU49TQeFRySRhcEzFoikZsEiGCCQQB6Z3l/MdJ71T18i5bPcNFN+IXzVB8fF1M6UQPPSoQIAaYgQAJgCAEmAJjBAAgBpjGgBpjJsCCkZGgDafkFRtHC6m0ypFg22W3G3afbypNHTC1Yx0NyklB0Av/JSccnZVYuxZNnbls0bdpUYaWEdcpQlBpLqZGR5hqcoVwk1yzjWiTzJ8JGaBwaLDYto2HiaihttmyJ7C5W6swedPTNvCRVSufUyeKLhoNh6li7Nzye7o/h7hHbFc9WThiyE5wLniKU3lYPT01Cqbdi5ZGeutpqPUstp0WaxrjoaTqpwJ2HMLa66JpHDO5owsga88hPQrRkoqb8E8QwcxWu5jrgHxCDt9iE8it0+1ZyVErLJnHKJiUswkCRAJCPTO8v5jpPeqevkXNZ7hopvxC+aoPj4upnSiM89KhAgATENAAmAIASYAgATGCAGgATGSCYzNGwnZ0qsGsINm1DRPkIaxpc7kaNvyT6HSqnLhIRp8vlaW2hMfpbepJlRk8n2f75VOBqzb0NmkeT4ziGgW047eoJ8Gtc5Plmw6qLjlbfU6E+UfYEcGkrXLhf5Jx11jY6+obR7VGzujOTT4ZOoqw4WHzHH0ISk+ooQhB7lywgrAwH9oFrjY4rVcdDpjqHD/eQmxG+bLaRpFgHeUEMU9S5dOUZ9yGDHE62Oka8xh4e57iM2RrWk3tcX1AHzUTe1ZOKy7CydLi29zGaV9TQVvdr45xT8EIiwvlzNaWtJdqRmvstYHVQrecNGTuy/qRy2H7lK+WTIIXtY2qZRyyG1o5nOa0tOupGcXstN6E7MHY4nvYxhlaKbE+HqKCPPNBwJBuWF7WZg46kA2sDqoV3TKI9eRxtVuDxZjGPkopmte5jGnxL53kNaC0G7bkga21Kr1I+SXZk0e9Wt/UvTvaIJmQTOdYNZK4gBpN9vjDZyqLLYwi5PssihB2TUI9WVVVTPidkeLOsDb2pwmprMehgnlteG0/ujEqGemN5fzHSe9U9fIuaz3FFP+IXzVB8fF1M6UQPPSoQIAEACYhoAEwEmAIAEwBAwQAwgaJtICZSwiXCKkyvUZmhq3N8lxHsTyjaN7XQT5ydpVZE7sjidxcfLyKWwjPPBE7dT0I3Cbw+WPhjxG3+KaQ/UfYO6HcvzT4D1GNtQ4ceo2FA1Y0DqhxJLjmvtugPVfcWa/km3qPajItyfQ7ne23TQYea2once6u5eCo2hjnZnG7jmIFgLtj1PKVnYt2MEzcp4TO2w/fIoZPyyStmLpoBO+d7I5A1kzmFjfFaLHRzhcXsR61k4PnBDg+cGLDN3OD0/c0baiZ7GVNXW1EkkUmZ9Q/MGXAH/AMhcOTgxfVNxkyWyiw/fQdWVjY8RkbTYcZHvkFOyRr3ZbmIPewl9rht8u23Im68LjqSdLSbpYKw09Jhdp5XYnTVVXwUL4R3HDK053F5JeRliFybnkGwTjHLAqd8DdNAcQ7kic1tPRvlnqCD/AGte/wAU+3ICR6rHkC5dXCc6tsesv2OzRWQpm7p9IpvHdvokvxPl+P4mKmUva0NAuAeM+1dGlo9GtRycLcrLZ3SWHN5wui/z5fdlYukZ6Z3l/MdJ71T18i5rPcMp/wAQ3mqD4+LqZ1MQPPSsQIAEANMAQIEACYCTAEwBAAgYwmMkkV1FZMWBhMEZIy0EFwzf3f8AVLJSwnyDpb7NByJjc/BG6ZIXRkBphkEBkEZDIJhkkyQhJlKbRMPab7R6hsukVuj9i63IYayolmzR90PippJYKa7hw8wcxoZ4pDnWDnPytNzkslJmbR0tJhEDqSV1RSRR1j21j20zWzMc1sYigjy3f4hErnPcHA3DSLKW3kksqnCe5p60UVHKXUtPkia2KqjMr3Txx5y5st5Y8rJXZvFGxLOcZA0xhNCyppgIYJG1FXadpdI9kcUFNE+rbG4PuQJJJACSf7PjRl4A+eV9SJZHPbFHCDa0cWYNAHJmJP8AK0QGsgD0zvL+Y6T3qnr5Fz2e4DQ3+6J0uEZ2i4p6qGZ9uJmV8d+mQKUB5xViBAAgAQA0xAgAQAkwBMATGCABADQAwUykyWbSyQ89iIVEjQMEANABdABdADumAkACAGgQroGO6AEgQIAEACAPUW9LRuhwWia8Wc5kktj/ANMkj3s+lwPzXPP3AdTW0kc8T4ZWh8crHMkY7YWuFiFAHn7djvPVlM98lDlqaa5IDnMZIxvI7MQHW5QdeQKkwOMO5Ou9B9cP3KsiDvTrvQfXD9yMgHenXeg+uH7kAHenXeg+uH7kZAO9Su9B9cP3IyIO9Su9B9cP3J5GHepXeg+uH7kZAO9Ou9B9cP3J5AO9Ou9B9cP3IygF3p13oPrh+5PKAfenXeg+uH7kZQB3p13oPrh+5GUAd6dd6D64fuT3IB96ld6D64fuRuQw70670H1w/cjKAO9Su9B9cP3I3IA71K70H1w/cjcgDvUrvQfXD9yNyAfepXeg+uH7k9yAO9Su9B9cP3I3IA71K30H1w/cjchh3q13oPrh+5G5APvVrvQfXD9yNyELvUrvQfXD9yNyAfepXeg+uH7kbkAd6ld6D64fuT3IBd6ld6D64fuRuQD71K70H1w/cjcgG3cnXE2EGp/vw/cjcgO/3D7zs8kjJ8TyxQtId3O1zXPk4wHOaSGtPqJPs2rOVngD7qxoaA0AAAAADQADYAFiB//Z",Departmental stores and grocery cashback rate: 3%
37,HDFC Bank MoneyBack Plus RuPay Credit Card,https://www.rupay.co.in/images/rupay/rupay-credit-card-digital-onboarding/HDFC-MoneyBack.png,Cashback rate on BigBasket and Reliance Smart Bazaar: 2.5%
39,Indian Army YODDHA,https://www.bobcard.co.in/_next/image?url=https%3A%2F%2Fmedia.bobcard.co.in%2F%2Fmedia%2Fhejl2qgw%2Findian-army-card-rupay.png&w=640&q=75,Departmental stores and grocery cashback rate: 2.5%
40,HPCL BoB ENERGIE,wix:image://v1/2a565f_f4955e35fd4846cab0a95aae7a5ac9bd~mv2.webp/HPCL-Bank-of-Baroda-ENERGIE-Credit-Card.webp#originWidth=500&originHeight=317,Departmental stores and grocery cashback rate: 1.67%
41,Tata Card Select,wix:image://v1/2a565f_047ab264ceee46d0850d6f027f64e56b~mv2.webp/tata-platinum-card.webp#originWidth=349&originHeight=218,Departmental stores and grocery cashback rate: 3%
43,RBL Bank Platinum ShopDaily Visa Credit Card,wix:image://v1/45c85e_ed08ed330b334bb8883aeaa27d550e51~mv2.png/Screenshot%202025-03-19%20122841.png#originWidth=646&originHeight=477,Users will get 5% cashback on Grocery spending of up to INR 250 per month.
44,Indian Oil Kotak Credit Card,wix:image://v1/2a565f_c68d9ed0526147599b614017e33204ed~mv2.webp/IndianOil-Kotak-Credit-Card-image.webp#originWidth=244&originHeight=158,Departmental stores and grocery cashback rate: 2%
45,Tata Platinum Card Select,wix:image://v1/f836e8_610fe482a1854fd989b49fab8e45e3ca~mv2.webp/Tata%20Card%20Select.webp#originWidth=190&originHeight=121,Departmental stores and grocery cashback rate: 3%
46,6E Rewards - IndiGo HDFC Bank Credit Card,wix:image://v1/2a565f_b7189aaff2cc416e871b50a6514b7bc9~mv2.webp/Indigo-6ERewards.webp#originWidth=264&originHeight=167,Departmental stores and grocery cashback rate: 2%
47,ICICI Parakram Select Credit Card,wix:image://v1/f836e8_c9cab21947ea4cfca8033b83f33e5a88~mv2.webp/ICICI%20Prakram%20Credit%20Card.webp#originWidth=190&originHeight=121,Departmental stores and grocery cashback rate: 2.5%
48,BankBazaar SaveMax Credit Card,wix:image://v1/2a565f_93f3e4534b164e19b52c758ec98c8202~mv2.webp/RBL-Bankbazaar-SaveMax.webp#originWidth=270&originHeight=170,Departmental stores and grocery cashback rate: 2.5%
49,Karnataka Bank SBI Card Prime,wix:image://v1/f836e8_95ffe21f7a6d44ee863ce41ab8d5df33~mv2.webp/Karnataka%20SBI%20Card%20Prime.webp#originWidth=190&originHeight=121,Departmental stores and grocery cashback rate: 2.5%
50,City Union Bank SBI Card Prime,wix:image://v1/f836e8_81e6e605a4f8468fa2bec9a45020c79e~mv2.webp/City%20Union%20Bank%20SBI%20Card%20Prime.webp#originWidth=190&originHeight=121,Departmental stores and grocery cashback rate: 2.5%
51,SBI Card Elite,wix:image://v1/f836e8_bbc6260e32164f14b72e74fe3cf2756b~mv2.webp/SBI%20Card%20Elite.webp#originWidth=190&originHeight=121,Departmental stores and grocery cashback rate: 2.5%
52,Yes Prosperity Cashback Credit Card,wix:image://v1/f836e8_5ce4731fe1574daa87e9508f3e5e2bd9~mv2.webp/Yes%20Prosperity%20Cashback%20Credit%20Card.webp#originWidth=190&originHeight=121,Departmental stores and grocery cashback rate: 5%
53,ICICI Parakram Credit Card,wix:image://v1/f836e8_c9cab21947ea4cfca8033b83f33e5a88~mv2.webp/ICICI%20Prakram%20Credit%20Card.webp#originWidth=190&originHeight=121,Departmental stores and grocery cashback rate: 1.25%
54,Karur Vysya Bank SBI Platinum Credit Card,wix:image://v1/f836e8_d61f643302bd4cf2b776e1539da50cc4~mv2.webp/Karur%20Vyasa%20Bank%20SBI%20SImplysave%20Card.webp#originWidth=190&originHeight=121,Departmental stores and grocery cashback rate: 1.25%
55,Yes Prosperity Cashback Plus Credit Card,wix:image://v1/f836e8_8823fa55498647a095553f15de7b0b86~mv2.webp/Yes%20Prosperity%20Cashback%20Plus%20Credit%20Card%20(1)%20(1).webp#originWidth=190&originHeight=121,Departmental stores and grocery cashback rate: 5%
56,UCO Bank SBI Card Prime,wix:image://v1/2a565f_bf006c87665142f0b0da945afd1aa20f~mv2.webp/uco-prime-card-face.webp#originWidth=349&originHeight=218,Departmental stores and grocery cashback rate: 2.5%
57,Tata Star Select Credit Card,wix:image://v1/f836e8_b04fb43b7e2b48b9bf736c4063bb7b4e~mv2.webp/Tata%20Card%20Star%20Select.webp#originWidth=190&originHeight=121,Departmental stores and grocery cashback rate: 3%
58,HSBC Taj Credit Card,https://www.hsbc.co.in/content/dam/hsbc/in/images/account/16-9/15990-india-hsbc-taj-card-face-vertical-2000x1125.jpg/jcr:content/renditions/cq5dam.web.1680.1000.jpeg,Users will get flat 10% off up to INR 150 on Swiggy Instamart orders on orders above INR 749.
59,Tata Titanium Card,wix:image://v1/2a565f_85037500037e481688027c9ed7cf40c0~mv2.webp/sbi-tata-titanium-card.webp#originWidth=349&originHeight=218,Departmental stores and grocery cashback rate: 3%
60,UCO Bank SimplySAVE SBI card,wix:image://v1/2a565f_62a98147874940ec95b25eb364bec7f1~mv2.webp/uco-simplysave-card-face.webp#originWidth=349&originHeight=218,Departmental stores and grocery cashback rate: 1.6%
61,CUB - SBI Prime Card,wix:image://v1/2a565f_aac84ede715f44a89ae504ae8ef987af~mv2.webp/prime.webp#originWidth=275&originHeight=183,Departmental stores and grocery cashback rate: 2.5%
62,SimplySave SBI Card,wix:image://v1/f836e8_774b71fc4623430e8827c7acbaed115a~mv2.webp/SimplySave%20SBI%20Card.webp#originWidth=190&originHeight=121,Departmental stores and grocery cashback rate: 1.6%
63,Assam Rifles The SENTINEL,https://www.bobcard.co.in/_next/image?url=https%3A%2F%2Fmedia.bobcard.co.in%2F%2Fmedia%2Fbi1lorwz%2Fthe-sentinel.png&w=640&q=75,Departmental stores and grocery cashback rate: 2.5%
64,Central Bank of India SBI Card Prime,wix:image://v1/f836e8_1e8e5c696ddf4253a21ba905a018f58b~mv2.webp/Central%20Bank%20SBI%20Card%20Prime.webp#originWidth=190&originHeight=121,Departmental stores and grocery cashback rate: 2.5%
65,Central Bank of India SBI Card Elite,wix:image://v1/f836e8_8a26890dfe214ea29f139e69d419a633~mv2.webp/Central%20Bank%20SBI%20Card%20Elite.webp#originWidth=190&originHeight=121,Departmental stores and grocery cashback rate: 1.25%
66,Tata Star Card Select,wix:image://v1/2a565f_8ba949f6e57e45a8b0b3ec896ae8cbf3~mv2.webp/Tata-Star-Card-SELECT.webp#originWidth=272&originHeight=170,Departmental stores and grocery cashback rate: 3%
67,DBS Spark 20 Visa Credit Card,https://www.dbs.com/in/credit-cards/assets/images/spark/spark-card.png,"4% Cashback on grocery on spending INR 20,000 or more on groceries. "
68,City Union Bank SimplySAVE SBI Card,wix:image://v1/f836e8_c4bdf47a42f646cbb2d306d8873871a3~mv2.webp/CIty%20Union%20Bank%20SBI%20SImplysave%20Card.webp#originWidth=190&originHeight=121,Departmental stores and grocery cashback rate: 2.5%
69,EASY,wix:image://v1/2a565f_535acc6b809648c5afe2de46cbf09aaf~mv2.webp/easy.webp#originWidth=282&originHeight=179,Departmental stores and grocery cashback rate: 1.25%
70,BPCL SBI Card,wix:image://v1/f836e8_a0a55fac3ed1407db92ed1dc741c5465~mv2.webp/BPCLSBI%20Card%20.webp#originWidth=190&originHeight=121,Departmental stores and grocery cashback rate: 1.25%
71,IDFC First Power+ RuPay Credit Card,wix:image://v1/2a565f_5f35253460f2425f963daa65597e57c5~mv2.webp/first-power-plus-v1.webp#originWidth=325&originHeight=338,Departmental stores and grocery cashback rate: 5%
72,Kotak IndiGo 6E Rewards XL Credit Card,wix:image://v1/2a565f_edd3d465092d420e993310d2d5597b61~mv2.webp/download.webp#originWidth=178&originHeight=283,Departmental stores and grocery cashback rate: 3%
73,RBL Bank Platinum ShopDaily MasterCard Credit Card ,wix:image://v1/45c85e_ed08ed330b334bb8883aeaa27d550e51~mv2.png/Screenshot%202025-03-19%20122841.png#originWidth=646&originHeight=477,Users will get 5% cashback on Grocery spending of up to INR 250 per month.
74,South Indian Bank SBI Platinum Credit Card,wix:image://v1/f836e8_7016df0b60d747bb894f4a84fc649867~mv2.webp/South%20Indian%20Bank%20SBI%20Card%20Platinum.webp#originWidth=190&originHeight=121,Departmental stores and grocery cashback rate: 1.25%
75,Airtel Axis Bank Visa Credit Card,wix:image://v1/f836e8_8d673c8841814c788504fe9880c421b4~mv2.webp/Axis%20Bank%20Airtel%20Credit%20Card.webp#originWidth=190&originHeight=121,"10% cashback on Swiggy, Zomato and BigBasket (Capped at INR 500 per month)."
76,ICICI Bank HPCL Super Saver RuPay Credit Card,wix:image://v1/2a565f_b31dce22793941bba57208825b53033a~mv2.webp/hpcl%20(1).webp#originWidth=282&originHeight=179,Departmental stores and grocery cashback rate: 5%
77,Yatra SBI Card,wix:image://v1/f836e8_7a554347c6e740f89c5bf9df9c1e21c7~mv2.webp/Yatra%20SBI%20Card.webp#originWidth=190&originHeight=121,Departmental stores and grocery cashback rate: 1.5%
78,BPCL SBI Card Octane,wix:image://v1/f836e8_b94501f405e048908f3b6e299defc4c1~mv2.webp/BPCLSBI%20Card%20Octane.webp#originWidth=190&originHeight=121,Departmental stores and grocery cashback rate: 2.5%
79,Tata Croma Card Select,wix:image://v1/2a565f_2800a7c1b5c5425b8904c7125d99c1cc~mv2.webp/Croma.webp#originWidth=284&originHeight=177,Departmental stores and grocery cashback rate: 3%
80,PSB SimplySAVE SBI Card,wix:image://v1/f836e8_c96a11dd8e3644339567bf948ee1378f~mv2.png/PSB%20SBI%20Card%20Prime%20(1).png#originWidth=190&originHeight=121,Departmental stores and grocery cashback rate: 2.5%
81,Equitas Elegance Credit Card,wix:image://v1/f836e8_ad5fd7b3f14b4a3fba209e44bd47e8f1~mv2.jpg/Equitas%20Elegance%20Credit%20Card.jpg#originWidth=190&originHeight=121,Departmental stores and grocery cashback rate: 0.67%
82,Platinum LifeEasy SuperCard.,wix:image://v1/2a565f_baea33a611ea4775b6a0181aefe30ffd~mv2.webp/RBL-Bank-Platinum-Choice-Supercard.webp#originWidth=271&originHeight=170,Departmental stores and grocery cashback rate: 5%
83,AU Small Finance Bank Zenith Credit Card ,wix:image://v1/f836e8_aeac6fb81d0049c4ac967833f8229470~mv2.webp/Zenith%20Credit%20Card.webp#originWidth=190&originHeight=121,Departmental stores and grocery cashback rate: 2.5%
84,Yes Bank Card Anq Phi Credit  Card,"data:image/jpeg;base64,/9j/4AAQSkZJRgABAQAAAQABAAD/2wCEAAkGBxASEBUQERIVFRAWGBUVGBUVFRUVFxUVFRUWFxUWFRUYHSggGBolGxUVITEhJSkrLi4uFx8zODMsNygtLisBCgoKDg0OGhAQGy0mICUtLS8tLTAuLS8tLS0tLSstLS0tLS0vLS4tLS0tLS0tLS0tLS0tLS0tLS0tKy0tLS0tLf/AABEIAOEA4QMBIgACEQEDEQH/xAAcAAAABwEBAAAAAAAAAAAAAAAAAQIDBAUGBwj/xABDEAACAQIDBAgDBQYFAgcAAAABAgADEQQSIQUGMUETIjJRYXGBkQehsRRCUoLBM2JykqLRI1Oy4fAVwhckNENzg/H/xAAaAQADAQEBAQAAAAAAAAAAAAABAgMEAAUG/8QAKhEAAgIBBAEEAgICAwAAAAAAAAECEQMEEiExQQUTMlEiYRQzcYEjQrH/2gAMAwEAAhEDEQA/AOVgRQEICLAk2zcACKAgAltsDY/2hnzPkp00Z3e17WBKgDvOU+iseUlKSSthSKwCKAhqIsCTbDQkLFZYoCLCybYaCViFK6WNidBfS9rHiOMLLHAsUFiNnUNZYMsdyw8sG46hNWiVNja+nAgjUX4jSKxOGChTnVsyhurfq8eq3jp84MsGWLYKGMsVUoEBWNrNcixBIsbagaj1j9LDs18ovYFj4KOJjRWGwUMFYkrJAUX14Q8SiBiEJKXOUsLEjkSLmx9YykK0QysQVkgrEFY6YtEciIIj7CNkR0xWhhhEER5hEER0xWMkRBEdIiCI6FY0REkRwiIIjoURBFWghOLQCLAhCLAiNmwMTSpXFDZeQftsVUZvFaFPKlz5utQeRaTtmbPp/YsMatPMlWpV5lcg6S1SqWHDKlDnxz+EqN4KTCoqZTkoU6VDNY2zqudxfhfO76TK5qToeiqURYEfq4UqlNits+Yg5r3AIA6v3efneHhKLs4SmCXbqgDic2lh53iuSfIaGQIsLFFCDY8RpFKIjYaBTpliFAuToAOZ8IAsWBDAiNnUJywZY5lh5YtnUNZYMsdywWnWChnLElY/liSsNgoYKxNvaPlYgiMmLQwwjZEfYRthHTFaGGEbYR9hG2EomIyOwjbCPsI2wlExGMMIhhHmEaIjoVjRgfLlFr5tb8LW0y253439IoiIMdCiIIcEYBaiSMLWyMHyq1vusLqdOYjSAWOpzaWFtCNb3N9OXLnJOzsN0tanS/zKlOn/ADuF/WSkzajZ7WrZ8Thdm01CUlp4dKgOrkVAtaojvYXWzAmwFzx4Su2lt+nVqVkYO2Fa2RUbLqtQv0huCLuS1za9mHcJX7c2gzY6vXQ2JqVApH4RemP6PrK5RMu0dFni8eKrLZFQhQgN+qqi9gFA042vqfnIdMkG4NiOY0IiFEcURKS4Q12KtFAQARywvpw5XiNhCAigIYEWBEbDQRUcjfTutY90FooCByACTwAv7QWBjNasidtlX+IgfWBKyN2XU+TA/SSvhrsfA4tMdj9qIXoUVphQHdeu5aypkYFm0VQvMuJTfETdD/p4wzlDTbErUqmkTmFEZxlo5jqxVWUEnibz0FolXL5Mb1PPRZWiSswC1WHBiPImPptGsOFR/VifrB/CfhnfyF9G2IjbCZNds4gf+57hT9RHl2/W55T6f2MX+JNfQffiaMiJrMWN2JJ7ybmUa7wtzpj0JEcG3l5oR5ETv4+ReA+7EsWEaYSKNtUjyYeg/Qw/+pUT973Bh9ua8C7o/Y4wjbCD7VTPB194dweBv5RkmgDTCICE8JKoYVnvlViBxygm3twirARkwURRhxzMHRL3f89YdSv3a/SR2qt3yiFHsg/CPYQ5F6Ru8+8ENAss1llsHFJRxNOs97UyXFhfrqpNP+vLK5P+eMWslI2Di+PGOLELHVkZDIWojixCx1ZGTHQpRHAIlRHFk2whgRQEAEWBJsIQErt4q+TDt3t1B68fkDLMCZ3fLFjLTohRcFnLa3N7BQeVhZveV08d2RIlmlUGL3S3hwlKl9lx1Ou+EztWy0GCM9bKiUy5zDqoFYgA8X8I5v5j9mVkotgauNZgWDU8U+daakC3Rkk2uRrqeAmOgntnmAgggnHAgghzji1qrhUUVFJdiBakdcrcy5sLjuA4zb7L3W2biVLXqs4wtHEVRSqdirUVF6JAKdQm5FV26pygoNLGczhTqKZMm7wl/g32M3GpZ8DTpGupxbWLVgFNNQA1QGkyK3UDdvVWAuLXsGtofDqoiVatOrmpU6CVrsguzMC/RKabujEU7NmDEdYDiZjqOOrI61EqutRdFdXYMvHssDccTw75Y096seGz/a6zN1h16jVAcwAa4e4NwBx7h3TiZeYv4YbRR3phUdlvYKxvUCorMUFtbF1Q9zG0zlDBumKGHLLnzrTJRldbkgGzKSGtfl3S1we/u0aYUCvfKzOCwF71KyV6guNcrui5hwIuOBlXs458QXyhe0+VQQq3PBRyAvpFn8WNHtHqXZ2BoUKS4eiiimgAAt4cT3seJMqN6tzsLjUN1y1RwddGvy15+R+XGRN0N6qWLoqhZVxigB0JAzgC3SJ335jl9dCMRbq31nxObPmw53Z6EY7lweedq7MahUqYeoLOnz5qw8CJQmdF+KVek20AKZBdaVqluRLZgD42JNv3vGc7M+q083PHGT8oy5FToTBBBNAhaoLx5aZiMOOsPX6GSF/52f7TPJmxCcto4sViFsQPAfO8SsixkOrHVjSx1ZJjocWOCFTy2N75tMtrW4639IYkmMLEWBEiOPULEsxJY8SdSYjCATB7w18+Ic8gco/KLH53m3xNYIjOfuqT7Cc4diSSeJ195v0EOXIx6uXCQmCCCekYgQQQTjiTs3CGtWp0V41HVB+ZgP1nZNpbIwS03pV8Jh6dTKBTdBcEEhM2YqpBUkEg8ranWc5+HuA6XGi6JUCKzlHNlb7oHA37XC3KdSXA1kcpR6Gi1Wm4yBGKoiaCzBl6xaqNbcuGlz4vqWWskY7qpX3X/n6X0b9LjuDdGc3r3a2VTwdbEUcNWUKvUrK7GmXYhV0dyxW5GuW3dOUmdP8AiXjsmDpUAcQjOwLUqpLKFQcA5BDWYrwblOYzV6bv9m5Nu3xfPBn1CSnSAovoOPdJGIwNVESo9Nlp1M2RiCA+Q5WynnY6Ts27OxKNKhR6OlTOIcbOpF0Ia+LOJOIbK9z1kw4zPlNreUznxXxdNsLhQvCpiNo4hLW/Y1MQcjDwaxYeE9Agczl1sGnozeQ9uP6Slml2ZTy0l7zr76j5WkszqI+Ncj1JiHzKSCOBBsR4gyfX3rx4GQYqoBa3EX/mtf5yvTn5yLW4mZXjjL5JMvua6YrDOTUuxJJuSSbkk8yecgkSXhe2PX6SNU4n1lkTY3BBBHAXdJQDfW9j9DEBz3n3jYrmEDM7RqTLHHHregjamHizdx5CHYSTQ9i1MdQiNUqmU3sDx4i41FuHfHcNiCl7AG6ldQDoe6/A+MlJDJjimLDRinckAC5OgA4kngBNPszc6vVNmZUP4e0w8GGgB9ZGcox7GRRBosNL7a25eKoLmHXXwFj7XIPvM5miJqXQbK/ejE5cOV5uQvpxP0mLl7vXXvUVPwi/q3+wEop7Olhtxr9nnZ5XMEEEE0EQQ4aKSbAXJ4AakywpbCxbC60Kh/KR9YG0uwpWQEcg3BIPeDYyfhtu4um2ZMTWB4aVG4d1r8JqN26KYeiFqMqVqzFijMUcohKIAD1Tdul0PGVW/wCipjTRVQDSRFawAu5XO3DuLZfyyVxnLa0PTirTKra+2sTiirYiq1QqLLewsDx0AEr4IJWMVFVFUhG2+WXm7u82IwpsruaJVqZQMQUSqV6Y0CdKVRlXLnAvYmI3r26cbiTWyCnSVVpUqS9mjRpi1OmvlqfMmU0EIBSLcgd+k1NPRQO4W9tJndnJeoPDX2l8rcpnzPlIrjDB6xjGJGt++Lqnn3Qn1Emh2M4c9cRit2j5mOU9HHnG8R2j5mUQrG4IUKNQpPBiwYysWDIs0JlnWGt/CIVyOPvEYipZvQRQIIk2h7HwYXCNI1tDHWa4tpprw118fSTaGs1e41FQXxDcVK00P4XcMWbzCgj806bsrCLYMOM5huNiVZalA9q61VHM5QVcDxAIPkDOkbKxOUDuni66bjNpmiKuHHZp6ABXKwuDpOS7/wCx6NDF5iSiOrHQXu6i49DcD0JnWMHXDCcd+MO2VatlQg9GpN/FrBR56X/MJTRt5KRlT2tnIdp1s9Z28SB5DQfSRYcKfUpUqMLduwTQbt7tNieu5KUO8dp+8Jf6n5yBsLZxr1gn3B1mP7o/U8PWdDVTUb7NRPR00A6R10yL92mncxHPkPOTyza4Q+OF8sThnw1Bugw1IvV4FKS521/zHOg9T+kp239XMD0BIF+0wvYny+su9jbyYdMSuHwtNegpB6lSpyIpqScv4iTYZiZy2rULMWNrkk6aDU30EljxKTe5FJypcM1uy8X9u2vRqsCtJSjkGxtToLnINgBrlP8ANIOO2ZiMV0uN/wAyo7qp7TKWJJHgOA77SVuIlJRiK9Y5aYRaF+GuIbLx5aKdeQJl9XDUawQm9CpfoyeKMBfov4bar5Wjt7ZUgKNxtnNYJe714AJVFRR1X1Pgw4++h95RyydqyLVOgoJbbt7vYjHVuhw6Zm4sx7KDvYzsWzvgnhUpXxFao9TnlsqjyH+5kM2qx4U9z6GjByOMbIXVm8hLAtNRvpuOdmkNTYvQc8W4qTwBI4g2Pl7E5RjJRyxy/lHortcVTHS0YJt5Qg9oZaOkAUCCRI2J7Ri2IGsbxXaMdCsavBCvBGAS1aKzRkGKBk2iqZPxZ63oIVF9bRGMPWHkI2rSdDWTXPOOK0YY6Q6baRGhrJFDENTcOhKupBUg2sf1m02dv8AAK9I5h96kRZvEo1gD5G3hMEzQBpDLghk+SHU2ujfbS+ILspWgjLfm5H+kcfe3gZzvePFsy9Yks7XJOpNtSfe0kBpSbZq3qW/CAPU6/wBpTSaeEJfiieWb2kCCCCemYzY7qoKWGeuedz+VBoPe/wApJ2/i2w+BSne1bEXZzz6wBqD+pV8oxSIGzgf3behbrfUxv4hXzUT93K1vO4v+kh3IvdRIGxv8LA4vEc3CYZf/ALDnqf0pKCaDa/8Ah4DCUOBqdJiXH8TZKZ/lU+8z6gk2HEysfLJS8I0OM/wtl0KfOvVqVj/DTApp7ksfSXCYhquyhUOtSkQQTrrTbQ/y6e8pt9Tlr08ODph6NKl+cLmc/wAzH2lnh0KbLCHRqpsB/G+n9IvJvpP9jrtr9Bb1ANh83cyketx9DMfSpszBVF2YgAd5JsBNXvRUC0AvewHoLn/aZ/YmJWliqFV+wlWm7c+qrqToPARoWoiz+R6Z3F3bpbPwVOmoHStZqj21ZjqfTkPACaHF1OrIoxavTR1YFWykEEEEEaEEcRE4/EItNndwlNRdnY2AA8Z8bnzZckpxXbN0YJUzFfF/EKMDlPaLKB/Mp/7TOJEzT7+b0DG4m6X+z09EBuM/exHEA20HEAnvmVZp7/p+CWLClPt8kc0k3x4CYxJMBMQTPQSIgZoeJPWhOVsLXza37vC3zh1G1jIA1BFXhQgHAYoGNAxV4jRSybjD1h5CNBorGHregjdLUxKDZNLaekFJtIzUbTzilMWhrHHYevytCDRln1gDRaOsfzTP1qmZi3eby1xVWyH295TS+GNWyWR+AQQQS5I2GxHFXCdGTqAyeV9R9eMl1cIcdhEQf+ppEJY8cw6pB/iAB9plNjbRNF7nsHRh9CPKbHY+MorihWRrstN6tQqdBTpKWGYc2JAA5gE94kJpp2isWmuTN76VgcY6KepRCUF8BSUKf6gx9YzunhRVxtFW7IbO38NMF2v4WUysr1C7M7cWJJPixJ/vLfdLaCUK7M6lg1KollGY9YW4eVx6yjVRpCXcrHcLgXxuKqV2BFJqjOzHnmYnKvjy8Jd4iuKtUBf2NHQW4NUtbTwUaecarYmrVGRV6GjwI0zsO7TRB85X7T2itFeipdq1tOCD+8ny2PwiBvHjM9TKOymn5uf6D0lTBClkqVE27L/Ym+W0MInR0MQ4pckPWVb8coPZ9IMZvFjMW3/mK7uo1CE2QHvyDS/HXjKCTcGLLfvMlLFBPdSv7GjJ9WSSYgmETEkwJDBkxJMImJJjADJiS0BMSYQB5jBE3ghAOAxV42DDvFoayZi+0PIRVMWEJ6oNj4Rkvfyi0NY8Gub8osvaNLG2e8FHWOBorNGc0MNBQbLvZu6mJxuHq1qNiKTKCDzJBJ8rC3vM/U2RiAcvQuT3Kpb/AE3nStx8fUwtBSnF7uRe18x0vy7IEu8RRpYk9JRIo4jiU4Kx717pSE1HiXC+xJwbVx5OPjd7G2v9lrW/+N/7SFiMLUpm1RGQ9zKV+s7Rh9sYqg3R1n4cm/SKxu8GHrKadWkr301AmiailaZmxvJJ040cPmi3eS2FxLXs1ULRU2vpfPV0GtrBB+aXO29z6dS9TCdU/wCUTof4Ty8pk0xVaiTSYWKk3VgQQTx8pDcprg0uDg+S5w9enhKS02JL1M1QlRpluUQX4/dY+sQ+3qQGgc/T3PCUONxTVHLtxsB5BQAPpGIdi8i7i1xe3KjaKMg8NT78vSVZMKCMkkBuwQQ4UIASfT0AEhILmTCYkhohkwiYkmETFoIZMSTCvCJjADiSYLwiYTgXghXhzgChFBTFL2R6/W0MuIBg1T1PcPGdc3Y+EiPRWpjKrCowv0dMgBAeAZrElvKwHjOabrMpx2GVuya1Ma+LAD52nqCnSFzyM8f1TVZcO1Y/Jowxi02ziu+vwvr4VDXwrtVogEspt0ijmQVADC19LA+c5uDPXqKbWNiDPOPxV3fGDx7ZBalWvUUdx0zgepB/NH0GseVbZ9izjXKMiDDXU279I1eStnUg9QKSBxtfhfkL8tZ6RJcmrwuPQWF9ALD04SZT2sL+Hn+sxtfMjEHQiLpYsy7UZrkVboPg6dh9ppXTo6irUXkH4jycarKbGbLCv1CVB+6xB9A3OZfB7QKm97S7wu276MQw+nlfgZjlhljf4myOSM1yXmHRw18pt3C9h5SXtDdahjltVBSqBZao4jwYcGH/ADSUzYqmOslQqOPAG2puCPAWN7x7D7Vrjs4hR+QjmQNbHukbmnaKtQapkar8HK66nFU8vfkb53NvnIrfDekpynGhqncqW+ZMvX2tiiLPaovgwP0NxKvFtVYl9c181zfN790tDLkbqRCWCC5TKNt2KCMVYuxHeQPoJNobv4PS9K/f13/QyZUqsQCw65Nv/wB7uUfoK9zoDYkaai45XEbJKXhhxxj5Q/R3CwFVCwzIb2srknz6141iPg47i+FxKk8lrKV/rW/0l7gMcqAXY31JC8hwtqOPHgeYlkm9BUAi/qf7eUx79Qnwys8eNro4/vDubjtnkHFUcqE5VcMrKzWvYEHuB4ymJm7+KW8j4pqFIsSqBnt+81gPkD7zBXnoQcpJOXZhktroO8ECKSbAXMtMLQSnq2r/AE8oXwBKyNS2c51YhR7n2jo2cvMt6WH6S0xuCxNOmKzUKi0jwdlIHr3esqmqk8TJqTl0ym1LsDYOl++fzL/aD7DS73H8sYfEAcI0ap4x6YLiS/sFP8TfL+0KROlPfBDT+wXH6E1j2R4f9xjcJmvF0aZY2EYmEjkEEEgg3BGhBHAg8jPS+5m8y4/DpWVgKtgKiX4VAOtp8/IiedqeEUcdTLbYm1q2EqCpQbKeY5MO4j9Z5nqOmWqx7U6a6NGGWx8npyhXI4j2nJ/j6Uf7MFt0l2/lt1vmUjVD4t1AljQu9vxC1/O15hd4Nt1sZWNasRfgqjgo7h9b/pYTFoNPqMUlv6RTJt8FAMKe8RLrkPG8n2kHFjrT3ISt8maSpEg4jpFs3bHA94Hf4yLeIBhlpVKhd1jyvFrUIkcGLBhOTLrA4u+hMmjMCT36XBIsDx4cfKZ2mZc7PxpGh1EjOD7ReOReS6wDsSWAstuQ1UX7+Wst1xrAqyuDawBsFa4HDT685WYKpT+7mF+IFj9ZZYdQNVTX8TEDh4DjI/l5Q++JKqYNyWJHHQtxbnbXW3cfKFVUKLKAFJBPV1tY6XHpw/SE9Zri73I5CwEZqVOZIHiT/eJyyiddkFke1u7W/C/LT3+UYqJwObv0F9PU/wDNY/iMZSGrMW8v7mQG2qhYKiakgAk31JAH1jqMjnOJntsYfPWZ82mgAIvYAWte/nIH2PXU6eGk120sCovKCrTsYY5GZ5RV2RbECyiwnUvg5uUtY/b8Ut0BPRIw0JB7Z7+Bt785zfD0M7qnDMyrfuzED9Z6U2Si0cPSpILKqgTLrdT7ca+xseO+UP720qL4Z0qBejym9+FgCT9J5LNW87v8WNuNToCgCQ1UH1U6H5E+4nCsVh8uo4QemNyUpy8vj/QMy2pIbLQs0RAZ6pnFZocRBOOBNFuaqFq6uASaJtfv6RL+tjM5LjddrVmP7h+ZWSzr/jZXB/YiwpUEZspJXW17Zh7cfrNBgtxMTWGag1OoP3WAPqj5W9gZQ0R/iHzP1nXfhsNZgzZJQVovGKdmP/8AC/G20qUlPdU6Sn8ytpFr/DPao7FBKo76deif9TKflPRUym9YsLjQ940PvIR1clw1YkI72cQxO5O1KYu+DrDyCv8A6CZUYnZtVdKlGovg9Nl+onXtl4+sXymozL3Mcw9jebXBYGiwu1JD+Vf7RpaxxfRT2qVs8v1MEO4j/njI74M8iD8p6ufd/CHjRX2iBuvgr36BL99gT7mPH1B/RFwgeTnpsOIMQDPWT7n7OPHC0T501P6Su2j8Otk1VKnB0l8aYNNv5kIMqvUY/wDZCbF4Z5hWoRJFLF2nT96vhPRpAvhq7qPwVAHHowsR85zbHbFr0iQQGtzU3+R1mvHqceRfiwSxSXaJeH2nbgQJa7Pxxc6NwF5j2UjiCD4i0sdh40U6nWPVYWv3HkY+W9jrs1em+1/Kx+78b5+v9mupUyzBRxJmp2Zu/h3UiopduZzMPYAzO7KqAVVPI6X5ajTWbzZ1AqpJ4nl4T5b1DUZMfEW0fderLHOKi0n9HPd893xhctWmSaLHLrqUbU2vzBtp5Sj2WbVlOhA63sNPmRN58TcWiYLIT16jplHPqnMx9hb1ifgdhMxxWJIBAFOktwDqczvx8Oj956eh1U5aP3MnfX+T4jVY4xzbYGbxVRn4AmV52TiHPVpMZ1PerG1QSFdlHcpy/SVGyGJYXJPmbxlndWkL7XNMz+xtwNo1GWoiBcpVgWtxBuLhit+HfOo7T20MKgNYIGAHVJZ7m3cgI9zLvYv7MTCfEvnMzyvNJKSCo7bowu8+2ExVZq5VmqHS7aAKOChQTYDXmOMxe1m4ecu2lFtXlPVwJJpIz5OiBCggmwzggggnBDymWOw2IqHy/USFeTtkdv0/WTyP8WNDiSLjDdqdd+G/Gcjwo60658OOM8rVfE2Y/J04cJlt7OzNQOEy29nZmBdoXB8jHbL/AGk6Ls3sic62X+0nQ9mHqiNm7Ly+JaCKWNiLWTRkYuIeKiHM5gRmN6OwZxrbXbM7JvQeoZxvbXbM16U1T+KIuFpqxswBHcQD9Zf4XcjBYgdlqbH71Nrf0tdflKLBcRN9u+2gmjLklDmLFhFS7RldofCbFAXw2JR1/DUzU28LFbgn2jdXam3sDTyV8MXVdBUKGoAB3vTNj669869hm0k6k0yz1O9VmipL9lPbceYSaPLW1dr1sVU6Ss+d+AAsAB+FVHCd/wDhjsR8JstFqrlq1C1VlPEZ7ZARyOULpyJM0qbOodJ0vQ0+l/HkXN/Na8k1zpGz6tZMaxwjSIQxtTtu2c73q7RlfsXtCT96u0ZX7G7Qgj8DQ/kdO2N+zEwvxK5zcbFP+GPKYf4lSOH+wV9s5W8otq8pevKPafKe3i+RkydFdaC0VBNRnE2gioIQipO2P+09IcElP4seHyRdYXtTrXw54wQTy9V8TXjOnDhMtvZ2YIJ567QMPyMdsz9pOh7M7IhQR8vZaXxLJY4kEEkjIxRjdSCCFgiZfejsGcc2z2zBBNelNU/iiNguIm82BwEEErn6OxGvw3CT6UEE85mjwS6cKvwggikPJzrentGV+xu0IcE3R+Az+R0vY37MTD/EmCCQw/2Al5OWPzlJtPlBBPbxdmPJ0V8EEE1EAQQQTjj/2Q==",Departmental stores and grocery cashback rate: 3%
85,KVB SBI Signature Card,wix:image://v1/f836e8_d4410af1bfec49789e216997abf24bd3~mv2.webp/Karur%20Vyasa%20Bank%20SBI%20Signature%20Card.webp#originWidth=190&originHeight=121,Departmental stores and grocery cashback rate: 1.25%
86,UCO Bank SBI Card Elite,wix:image://v1/f836e8_6132f6967c724892bcd675522956cb29~mv2.webp/UCO%20SBI%20Card%20Elite.webp#originWidth=190&originHeight=121,Departmental stores and grocery cashback rate: 1.25%
87,Kotak IndiGo 6E Rewards Credit Card ,wix:image://v1/2a565f_cbc0d575ffa640c9a5708350c102ece6~mv2.webp/kotak-6e-rewards.webp#originWidth=269&originHeight=427,Departmental stores and grocery cashback rate: 2%
88,Kotak Zen Signature Credit Card,wix:image://v1/f836e8_9aa4a68b23f74188b0f3f11046b98b75~mv2.png/Kotak%20zen%20credit%20card.png#originWidth=190&originHeight=121,Departmental stores and grocery cashback rate: 1.6%
89,RBL Bank Platinum ShopSmart MasterCard Credit Card  ,wix:image://v1/45c85e_ed08ed330b334bb8883aeaa27d550e51~mv2.png/Screenshot%202025-03-19%20122841.png#originWidth=646&originHeight=477,Users will get 5% cashback on Grocery spending of up to INR 250 per month.
90,Shaurya SBI Card,wix:image://v1/f836e8_a407a347c01646ffb7d75e7e52669e92~mv2.webp/SBI%20Card%20Shaurya.webp#originWidth=190&originHeight=121,Departmental stores and grocery cashback rate: 1.25%
91,SBI Card Prime Advantage ,wix:image://v1/f836e8_9ee484c302f249eba4d4561428dbe04d~mv2.webp/SBI%20Card%20Prime.webp#originWidth=190&originHeight=121,Departmental stores and grocery cashback rate: 2.5%
92,Airtel Axis Bank RuPay Credit Card ,https://www.rupay.co.in/images/rupay/rupay-credit-card-digital-onboarding/airtel_axis.png,"10% cashback on Swiggy, Zomato and BigBasket (Capped at INR 500 per month)."
93,South Indian Bank SimplySave SBI Card,wix:image://v1/f836e8_fadf0266ce7a4065b4223cd8e800933f~mv2.webp/South%20Indian%20Bank%20SBI%20SImplysave%20Card.webp#originWidth=190&originHeight=121,Departmental stores and grocery cashback rate: 1.6%
94,CITI Rewards Credit Card ,wix:image://v1/2a565f_a028d9fb43af4ecdb4841a1383eac2a0~mv2.webp/Citi-Rewards-Credit-Card.webp#originWidth=500&originHeight=317,Departmental stores and grocery cashback rate: 1.75%
95,Platinum Shopsmart SuperCard,wix:image://v1/2a565f_baea33a611ea4775b6a0181aefe30ffd~mv2.webp/RBL-Bank-Platinum-Choice-Supercard.webp#originWidth=271&originHeight=170,5% cashback on all grocery spends up to Rs 250 per month.
96,Federal Bank MagniFi Credit Card ,wix:image://v1/2a565f_cce93c2d100142c68d7f5e1342e41733~mv2.webp/magnifi-card.webp#originWidth=400&originHeight=308,"Reward System:  Every weekend, there is a 20% cashback on  Blinkit (maximum 400).; High rewards on weekends."
97,AU Small Finance Bank Altura Credit Card,wix:image://v1/f836e8_a0af6d9beec14e5e80af15b2f77098c6~mv2.webp/Altura%20Credit%20Card.webp#originWidth=190&originHeight=121,Departmental stores and grocery cashback rate: 2%
98,Samsung Axis Bank Signature Credit Card,wix:image://v1/f836e8_7705c0210f4b4845a980ef15e0f88f78~mv2.webp/Samsung%20Axis%20Bank%20Signature%20Credit%20Card.webp#originWidth=190&originHeight=121,BigBasket cashback rate: 2%
99,Bankbazaar Savemax Pro Credit Card,wix:image://v1/2a565f_806a099124524b3bb2c3996577c5d7f8~mv2.webp/download.webp#originWidth=270&originHeight=170,Departmental stores and grocery cashback rate: 2.5%
100,Tata Croma Card ,wix:image://v1/2a565f_85037500037e481688027c9ed7cf40c0~mv2.webp/sbi-tata-titanium-card.webp#originWidth=349&originHeight=218,Departmental stores and grocery cashback rate: 3%
101,Axis Bank Select Credit Card,wix:image://v1/f836e8_241be83446314aa6a05983dfc12a5464~mv2.webp/Axis%20Bank%20Select%20credit%20card.webp#originWidth=190&originHeight=121,500 per month on a minimum purchase of Rs 2000 on BigBasket mobile app
102,PSB SBI Card Prime,wix:image://v1/f836e8_c24a2c14001d4ef680363b5ce46aed8c~mv2.webp/PSB%20SBI%20Card%20Prime.webp#originWidth=190&originHeight=121,Departmental stores and grocery cashback rate: 2.5%
103,IDFC First Power RuPay Credit Card ,wix:image://v1/2a565f_a3ba2764d9e644afb55ca9ae1bfc9b9b~mv2.webp/First-power.webp#originWidth=325&originHeight=338,"2.5% cashback on grocery and utility bill payment. Max grocery and utility bill payments are capped at INR 4,000 per month."
104,ICICI Bank HPCL Super Saver Visa Credit Card,wix:image://v1/2a565f_b31dce22793941bba57208825b53033a~mv2.webp/hpcl%20(1).webp#originWidth=282&originHeight=179,Departmental stores and grocery cashback rate: 5%
105,Karur Vysya Bank SBI Card,wix:image://v1/f836e8_863b136820d24189bb234a4b9427a6c9~mv2.webp/KVB%20SBI%20Card.webp#originWidth=190&originHeight=121,Departmental stores and grocery cashback rate: 1.7%
106,Tata Neu Infinity RuPay SBI Card,https://www.sbicard.com/sbi-card-en/assets/media/images/personal/credit-cards/lifestyle/tata-neu-infitnity/tata-neu-infinity-face-blank-front.png,BigBasket cashback rate: 10% if the purchase is done through Tata Neu App and the user has Tata Neu Pass
107, UCO Bank SBI Card Elite,wix:image://v1/2a565f_fcdf133ef63341aeabde97c59169fb9e~mv2.webp/UCO-Bank-SBI-Card-Elite.webp#originWidth=1200&originHeight=900,Departmental stores and grocery cashback rate: 1.25%
108,South Indian Bank SimplySave SBI Card,wix:image://v1/2a565f_e31de708ced5467188f96e7ccdb93853~mv2.webp/sib-simplysave-card.webp#originWidth=349&originHeight=218,Departmental stores and grocery cashback rate: 1.6%
109,Au Small Finance Bank Vetta Credit Card,wix:image://v1/f836e8_d728fcd94f7d42078f0761ec4ced8437~mv2.webp/Vetta%20Credit%20Card.webp#originWidth=190&originHeight=121,Departmental stores and grocery cashback rate: 1%
110,AU Bank InstaPay Credit Card,wix:image://v1/f836e8_957ec00718da47c7aac1b3e0e7e0111a~mv2.png/Equitas%20Excite%20Credit%20Card%20(1).png#originWidth=190&originHeight=121,"Users will receive 1% cashback on UPI transactions across departmental stores, dining, pharmacy, and grocery & supermarkets."
111,Central Bank Of India SimplySave SBI Card,wix:image://v1/f836e8_033c050b1a21467384f366bf40a22b5b~mv2.webp/Central%20Bank%20Of%20India%20SBI%20SImplysave%20Card%20Prime%20(1).webp#originWidth=190&originHeight=121,Departmental stores and grocery cashback rate: 1.6%
112,RBL Bank Shoprite Credit Card,wix:image://v1/f836e8_9a1e9d6310c2406f89a810c9ae230ecd~mv2.webp/RBL%20Bank%20Shoprite%20CC.webp#originWidth=190&originHeight=121,Departmental stores and grocery cashback rate: 5%
113,Equitas Excite ,wix:image://v1/f836e8_e29a61db305f430e9e0c59a8b9a7ccce~mv2.png/Equitas%20Excite%20Credit%20Card.png#originWidth=190&originHeight=121,Departmental stores and grocery cashback rate: 0.39%
114,Platinum Shopdaily Supercard,wix:image://v1/2a565f_baea33a611ea4775b6a0181aefe30ffd~mv2.webp/RBL-Bank-Platinum-Choice-Supercard.webp#originWidth=271&originHeight=170,Departmental stores and grocery cashback rate: 5%
115,SBI Card Prime,wix:image://v1/f836e8_9ee484c302f249eba4d4561428dbe04d~mv2.webp/SBI%20Card%20Prime.webp#originWidth=190&originHeight=121,Departmental stores and grocery cashback rate: 2.5%
116,HDFC Swiggy Credit Card ,wix:image://v1/f836e8_34c34d2b68c04806918bfa4257a6e173~mv2.webp/Swigggy%20CC.webp#originWidth=190&originHeight=121,"Reward System : Users will get flat 10% cashback on Swiggy orders (food delivery, groceries, Dineout, Genie), capped at INR 1500 per month."
117,Bandhan Bank Plus Credit Card,wix:image://v1/2a565f_564ef4cfe24f4add93acb442c51a169f~mv2.webp/Capture.webp#originWidth=312&originHeight=201,Departmental stores and grocery cashback rate: 0.6%
